learner_id,grade_level,academic_year,enrolment_status
L001,Grade 4,2026,Active
L002,Grade 4,2026,Active
L003,Grade 5,2026,At risk
L004,Grade 5,2026,Active
L005,Grade 6,2026,Active
L006,Grade 6,2026,Transitioning
L007,Grade 4,2026,Active
L008,Grade 4,2026,Active
L009,Grade 5,2026,At risk
L010,Grade 5,2026,Active
L011,Grade 6,2026,Active
L012,Grade 6,2026,Transitioning
L013,Grade 4,2026,Active
L014,Grade 4,2026,Active
L015,Grade 5,2026,At risk
L016,Grade 5,2026,Active
L017,Grade 6,2026,Active
L018,Grade 6,2026,Transitioning
L019,Grade 4,2026,Active
L020,Grade 4,2026,Active
L021,Grade 5,2026,At risk
L022,Grade 5,2026,Active
L023,Grade 6,2026,Active
L024,Grade 6,2026,Transitioning
L025,Grade 4,2026,Active
L026,Grade 4,2026,Active
L027,Grade 5,2026,At risk
L028,Grade 5,2026,Active
L029,Grade 6,2026,Active
L030,Grade 6,2026,Transitioning
L031,Grade 4,2026,Active
L032,Grade 4,2026,Active
L033,Grade 5,2026,At risk
L034,Grade 5,2026,Active
L035,Grade 6,2026,Active
L036,Grade 6,2026,Transitioning
L037,Grade 4,2026,Active
L038,Grade 4,2026,Active
L039,Grade 5,2026,At risk
L040,Grade 5,2026,Active
L041,Grade 6,2026,Active
L042,Grade 6,2026,Transitioning
L043,Grade 4,2026,Active
L044,Grade 4,2026,Active
L045,Grade 5,2026,At risk
L046,Grade 5,2026,Active
L047,Grade 6,2026,Active
L048,Grade 6,2026,Transitioning
L049,Grade 4,2026,Active
L050,Grade 4,2026,Active
