observation_id,learner_id,observation_date,term,calendar_entry_id,teacher_id,activity_context,original_observation,source_type,possible_theme,verification_status
OBS001,L001,2025-05-05,Term 2,CAL001321,T001,Group activity,The learner contributed several ideas during the group activity.,Phone callback,Following instructions,Needs more evidence
OBS002,L001,2025-06-10,Term 2,CAL001712,T001,Reading session,Needed a second explanation but then completed the task correctly.,Voice transcription,Collaboration,Pending
OBS003,L001,2025-09-09,Term 3,CAL002686,T002,Practical activity,Helped peers divide tasks and stayed focused on the group goal.,Teacher chat,Following instructions,Verified by multiple teachers
OBS004,L002,2025-01-08,Term 1,CAL000077,T002,Reading session,Worked well with a partner and encouraged another learner to continue.,Text note,Following instructions,Repeated pattern
OBS005,L002,2025-04-28,Term 2,CAL001249,T001,Pair work,Needed a second explanation but then completed the task correctly.,Phone callback,Task completion,Repeated pattern
OBS006,L002,2025-02-19,Term 1,CAL000528,T004,Practical activity,Needed a second explanation but then completed the task correctly.,Teacher chat,Independent problem solving,Inconclusive
OBS007,L002,2025-12-03,Term 4,CAL003601,T005,Math task,Kept re-engaging after distraction and eventually finished the task.,Voice transcription,Collaboration,Needs more evidence
OBS008,L002,2025-11-28,Term 4,CAL003556,T001,Math task,Was quiet at first but contributed to the discussion once prompted.,Teacher chat,Self-regulation,Verified by multiple teachers
OBS009,L003,2025-07-07,Term 3,CAL002002,T003,Independent task,Was quiet at first but contributed to the discussion once prompted.,Voice transcription,Task completion,Needs more evidence
OBS010,L003,2025-10-08,Term 4,CAL003008,T002,Pair work,Worked well with a partner and encouraged another learner to continue.,Text note,Peer support,Pending
OBS011,L003,2025-09-19,Term 3,CAL002814,T001,Math task,Kept re-engaging after distraction and eventually finished the task.,Voice transcription,Following instructions,Inconclusive
OBS012,L003,2025-12-26,Term 4,CAL003864,T002,Reading session,"Struggled to start, then improved after a short teacher check-in.",Teacher chat,Confidence in class discussion,Repeated pattern
OBS013,L003,2025-06-10,Term 2,CAL001717,T002,Reading session,Completed the task quickly but needed support to explain the reasoning.,Teacher chat,Task completion,Verified by multiple teachers
OBS014,L004,2025-09-09,Term 3,CAL002694,T002,Practical activity,Helped the group organize the task without being told.,Voice transcription,Confidence in class discussion,Needs more evidence
OBS015,L004,2026-04-29,Term 2,CAL005185,T005,Group project,Worked well with a partner and encouraged another learner to continue.,Teacher chat,Reading comprehension,Repeated pattern
OBS016,L004,2025-01-14,Term 1,CAL000143,T001,Reading session,Completed the task quickly but needed support to explain the reasoning.,Phone callback,Independent problem solving,Repeated pattern
OBS017,L004,2026-05-14,Term 2,CAL005346,T002,Pair work,Helped peers divide tasks and stayed focused on the group goal.,Phone callback,Reading comprehension,Needs more evidence
OBS018,L004,2026-08-05,Term 3,CAL006235,T001,Math task,Completed the task quickly but needed support to explain the reasoning.,Text note,Confidence in class discussion,Repeated pattern
OBS019,L005,2026-09-01,Term 3,CAL006523,T001,Practical activity,Kept re-engaging after distraction and eventually finished the task.,Voice transcription,Peer support,Repeated pattern
OBS020,L005,2025-10-02,Term 4,CAL002951,T001,Whole-class discussion,Stayed engaged in the task but was hesitant to speak in front of the class.,Voice transcription,Reading comprehension,Needs more evidence
OBS021,L005,2025-05-28,Term 2,CAL001586,T004,Practical activity,Asked a clarifying question before starting and worked independently.,Teacher chat,Following instructions,Inconclusive
OBS022,L005,2025-08-19,Term 3,CAL002474,T003,Pair work,Kept re-engaging after distraction and eventually finished the task.,Teacher chat,Independent problem solving,Needs more evidence
OBS023,L006,2025-03-14,Term 1,CAL000793,T003,Group project,Was quiet at first but contributed to the discussion once prompted.,Voice transcription,Independent problem solving,Pending
OBS024,L006,2025-09-19,Term 3,CAL002818,T001,Group project,Needed repeated reminders to stay with the activity.,Phone callback,Participation,Needs more evidence
OBS025,L006,2025-06-02,Term 2,CAL001632,T005,Practical activity,Stayed engaged in the task but was hesitant to speak in front of the class.,Teacher chat,Following instructions,Pending
OBS026,L006,2025-04-22,Term 2,CAL001198,T004,Independent task,Worked well with a partner and encouraged another learner to continue.,Voice transcription,Independent problem solving,Pending
OBS027,L007,2026-01-23,Term 1,CAL004160,T001,Whole-class discussion,Stayed engaged in the task but was hesitant to speak in front of the class.,Text note,Persistence,Needs more evidence
OBS028,L007,2025-11-17,Term 4,CAL003421,T004,Whole-class discussion,Needed a second explanation but then completed the task correctly.,Voice transcription,Collaboration,Inconclusive
OBS029,L007,2025-01-17,Term 1,CAL000181,T001,Math task,Stayed engaged in the task but was hesitant to speak in front of the class.,Teacher chat,Following instructions,Verified by multiple teachers
OBS030,L007,2025-03-10,Term 1,CAL000721,T002,Pair work,Helped peers divide tasks and stayed focused on the group goal.,Phone callback,Participation,Repeated pattern
OBS031,L007,2026-04-30,Term 2,CAL005193,T005,Reading session,Volunteered an answer and explained thinking to peers.,Text note,Collaboration,Inconclusive
OBS032,L007,2025-03-11,Term 1,CAL000740,T003,Group project,Helped peers divide tasks and stayed focused on the group goal.,Text note,Collaboration,Inconclusive
OBS033,L008,2025-08-01,Term 3,CAL002282,T001,Practical activity,Needed a second explanation but then completed the task correctly.,Text note,Persistence,Pending
OBS034,L008,2025-10-09,Term 4,CAL003019,T005,Practical activity,Helped peers divide tasks and stayed focused on the group goal.,Teacher chat,Task completion,Inconclusive
OBS035,L008,2026-08-24,Term 3,CAL006422,T003,Independent task,Was quiet at first but contributed to the discussion once prompted.,Phone callback,Following instructions,Repeated pattern
OBS036,L009,2025-05-30,Term 2,CAL001612,T003,Pair work,Kept re-engaging after distraction and eventually finished the task.,Voice transcription,Collaboration,Verified by multiple teachers
OBS037,L009,2025-04-24,Term 2,CAL001225,T001,Practical activity,Was quiet at first but contributed to the discussion once prompted.,Text note,Peer support,Pending
OBS038,L009,2025-10-08,Term 4,CAL003006,T003,Independent task,Asked a clarifying question before starting and worked independently.,Phone callback,Task completion,Inconclusive
OBS039,L009,2025-01-09,Term 1,CAL000098,T005,Independent task,Needed a second explanation but then completed the task correctly.,Text note,Self-regulation,Pending
OBS040,L009,2025-05-02,Term 2,CAL001314,T005,Whole-class discussion,Completed the task quickly but needed support to explain the reasoning.,Text note,Peer support,Needs more evidence
OBS041,L009,2025-10-30,Term 4,CAL003247,T005,Pair work,Completed the task quickly but needed support to explain the reasoning.,Voice transcription,Independent problem solving,Verified by multiple teachers
OBS042,L010,2025-02-20,Term 1,CAL000546,T001,Independent task,Asked a clarifying question before starting and worked independently.,Phone callback,Confidence in class discussion,Verified by multiple teachers
OBS043,L010,2026-05-06,Term 2,CAL005257,T005,Group project,Needed repeated reminders to stay with the activity.,Voice transcription,Peer support,Inconclusive
OBS044,L010,2025-06-19,Term 2,CAL001822,T004,Whole-class discussion,Helped peers divide tasks and stayed focused on the group goal.,Voice transcription,Peer support,Needs more evidence
OBS045,L010,2025-10-14,Term 4,CAL003068,T001,Independent task,Worked well with a partner and encouraged another learner to continue.,Text note,Following instructions,Needs more evidence
OBS046,L010,2025-07-23,Term 3,CAL002181,T004,Group project,Asked a clarifying question before starting and worked independently.,Phone callback,Persistence,Needs more evidence
OBS047,L011,2025-07-02,Term 3,CAL001963,T001,Pair work,Helped peers divide tasks and stayed focused on the group goal.,Text note,Following instructions,Verified by multiple teachers
OBS048,L011,2026-02-05,Term 1,CAL004303,T003,Math task,Needed repeated reminders to stay with the activity.,Teacher chat,Peer support,Repeated pattern
OBS049,L011,2025-03-20,Term 1,CAL000855,T003,Independent task,Worked well with a partner and encouraged another learner to continue.,Phone callback,Collaboration,Pending
OBS050,L011,2025-10-27,Term 4,CAL003210,T002,Practical activity,Stayed engaged in the task but was hesitant to speak in front of the class.,Phone callback,Peer support,Verified by multiple teachers
OBS051,L011,2026-08-10,Term 3,CAL006285,T001,Pair work,Was quiet at first but contributed to the discussion once prompted.,Teacher chat,Collaboration,Inconclusive
OBS052,L012,2026-02-23,Term 1,CAL004482,T004,Group project,Kept re-engaging after distraction and eventually finished the task.,Voice transcription,Self-regulation,Inconclusive
OBS053,L012,2025-12-22,Term 4,CAL003807,T004,Independent task,Worked well with a partner and encouraged another learner to continue.,Text note,Following instructions,Verified by multiple teachers
OBS054,L012,2026-03-11,Term 1,CAL004663,T002,Practical activity,Completed the task quickly but needed support to explain the reasoning.,Voice transcription,Self-regulation,Repeated pattern
OBS055,L012,2025-08-29,Term 3,CAL002591,T004,Math task,Kept re-engaging after distraction and eventually finished the task.,Teacher chat,Following instructions,Inconclusive
OBS056,L013,2025-07-15,Term 3,CAL002086,T001,Independent task,Needed repeated reminders to stay with the activity.,Phone callback,Following instructions,Needs more evidence
OBS057,L013,2025-06-18,Term 2,CAL001804,T001,Group project,Was quiet at first but contributed to the discussion once prompted.,Voice transcription,Participation,Verified by multiple teachers
OBS058,L013,2025-08-12,Term 3,CAL002387,T004,Pair work,Helped the group organize the task without being told.,Voice transcription,Persistence,Needs more evidence
OBS059,L013,2025-07-22,Term 3,CAL002161,T005,Pair work,Helped peers divide tasks and stayed focused on the group goal.,Voice transcription,Participation,Needs more evidence
OBS060,L013,2026-06-17,Term 2,CAL005704,T005,Practical activity,Kept re-engaging after distraction and eventually finished the task.,Teacher chat,Task completion,Inconclusive
OBS061,L013,2026-05-05,Term 2,CAL005238,T005,Pair work,Asked a clarifying question before starting and worked independently.,Teacher chat,Participation,Repeated pattern
OBS062,L014,2025-11-14,Term 4,CAL003406,T005,Pair work,Was quiet at first but contributed to the discussion once prompted.,Voice transcription,Self-regulation,Needs more evidence
OBS063,L014,2025-11-07,Term 4,CAL003333,T003,Independent task,Needed repeated reminders to stay with the activity.,Teacher chat,Confidence in class discussion,Needs more evidence
OBS064,L014,2025-03-14,Term 1,CAL000784,T004,Pair work,Kept re-engaging after distraction and eventually finished the task.,Teacher chat,Collaboration,Needs more evidence
OBS065,L014,2026-04-28,Term 2,CAL005161,T004,Math task,Helped peers divide tasks and stayed focused on the group goal.,Teacher chat,Participation,Pending
OBS066,L015,2025-12-09,Term 4,CAL003669,T004,Math task,Worked well with a partner and encouraged another learner to continue.,Text note,Participation,Needs more evidence
OBS067,L015,2025-11-10,Term 4,CAL003353,T004,Pair work,Helped peers divide tasks and stayed focused on the group goal.,Teacher chat,Confidence in class discussion,Verified by multiple teachers
OBS068,L015,2025-05-27,Term 2,CAL001568,T005,Practical activity,Helped peers divide tasks and stayed focused on the group goal.,Voice transcription,Independent problem solving,Verified by multiple teachers
OBS069,L015,2025-06-05,Term 2,CAL001671,T004,Whole-class discussion,Helped peers divide tasks and stayed focused on the group goal.,Phone callback,Following instructions,Verified by multiple teachers
OBS070,L015,2026-01-09,Term 1,CAL004014,T003,Math task,Worked well with a partner and encouraged another learner to continue.,Teacher chat,Self-regulation,Pending
OBS071,L016,2025-01-22,Term 1,CAL000235,T005,Group project,Helped the group organize the task without being told.,Voice transcription,Collaboration,Needs more evidence
OBS072,L016,2025-08-18,Term 3,CAL002452,T001,Practical activity,Stayed engaged in the task but was hesitant to speak in front of the class.,Voice transcription,Task completion,Needs more evidence
OBS073,L016,2026-06-17,Term 2,CAL005710,T003,Math task,Helped the group organize the task without being told.,Text note,Self-regulation,Pending
OBS074,L016,2025-01-30,Term 1,CAL000321,T003,Practical activity,Worked well with a partner and encouraged another learner to continue.,Text note,Independent problem solving,Inconclusive
OBS075,L016,2025-10-06,Term 4,CAL002980,T001,Reading session,Completed the task quickly but needed support to explain the reasoning.,Voice transcription,Task completion,Pending
OBS076,L016,2026-02-03,Term 1,CAL004268,T005,Pair work,Volunteered an answer and explained thinking to peers.,Voice transcription,Persistence,Verified by multiple teachers
OBS077,L017,2026-05-13,Term 2,CAL005336,T003,Reading session,"Struggled to start, then improved after a short teacher check-in.",Teacher chat,Confidence in class discussion,Inconclusive
OBS078,L017,2025-11-06,Term 4,CAL003327,T005,Math task,"Struggled to start, then improved after a short teacher check-in.",Phone callback,Peer support,Needs more evidence
OBS079,L017,2025-04-09,Term 2,CAL001065,T003,Pair work,Was quiet at first but contributed to the discussion once prompted.,Teacher chat,Peer support,Pending
OBS080,L018,2026-01-08,Term 1,CAL004002,T002,Pair work,Was quiet at first but contributed to the discussion once prompted.,Phone callback,Peer support,Repeated pattern
OBS081,L018,2025-11-13,Term 4,CAL003402,T005,Group project,Stayed engaged in the task but was hesitant to speak in front of the class.,Teacher chat,Reading comprehension,Needs more evidence
OBS082,L018,2026-07-01,Term 3,CAL005861,T004,Pair work,Needed repeated reminders to stay with the activity.,Teacher chat,Following instructions,Repeated pattern
OBS083,L018,2026-02-27,Term 1,CAL004542,T004,Practical activity,Kept re-engaging after distraction and eventually finished the task.,Phone callback,Peer support,Verified by multiple teachers
OBS084,L018,2025-11-06,Term 4,CAL003330,T003,Independent task,Needed repeated reminders to stay with the activity.,Phone callback,Independent problem solving,Inconclusive
OBS085,L018,2025-07-31,Term 3,CAL002279,T002,Whole-class discussion,"Struggled to start, then improved after a short teacher check-in.",Phone callback,Independent problem solving,Needs more evidence
OBS086,L019,2025-09-18,Term 3,CAL002792,T003,Whole-class discussion,Needed repeated reminders to stay with the activity.,Phone callback,Collaboration,Pending
OBS087,L019,2025-12-02,Term 4,CAL003587,T002,Reading session,Helped the group organize the task without being told.,Phone callback,Participation,Verified by multiple teachers
OBS088,L019,2026-05-20,Term 2,CAL005405,T003,Whole-class discussion,Helped peers divide tasks and stayed focused on the group goal.,Teacher chat,Independent problem solving,Pending
OBS089,L019,2026-04-06,Term 2,CAL004922,T004,Group project,Volunteered an answer and explained thinking to peers.,Voice transcription,Following instructions,Pending
OBS090,L019,2026-04-22,Term 2,CAL005105,T005,Practical activity,Was quiet at first but contributed to the discussion once prompted.,Teacher chat,Participation,Verified by multiple teachers
OBS091,L020,2026-05-07,Term 2,CAL005267,T003,Practical activity,Helped peers divide tasks and stayed focused on the group goal.,Voice transcription,Following instructions,Needs more evidence
OBS092,L020,2025-10-30,Term 4,CAL003244,T001,Whole-class discussion,Helped the group organize the task without being told.,Text note,Collaboration,Verified by multiple teachers
OBS093,L020,2026-06-02,Term 2,CAL005536,T005,Pair work,Volunteered an answer and explained thinking to peers.,Phone callback,Participation,Pending
OBS094,L020,2025-09-25,Term 3,CAL002867,T003,Math task,Was quiet at first but contributed to the discussion once prompted.,Text note,Confidence in class discussion,Repeated pattern
OBS095,L020,2025-06-12,Term 2,CAL001743,T001,Group project,Asked a clarifying question before starting and worked independently.,Phone callback,Participation,Pending
OBS096,L021,2025-12-16,Term 4,CAL003741,T004,Independent task,"Struggled to start, then improved after a short teacher check-in.",Voice transcription,Persistence,Repeated pattern
OBS097,L021,2025-10-15,Term 4,CAL003081,T001,Group project,Was quiet at first but contributed to the discussion once prompted.,Voice transcription,Self-regulation,Inconclusive
OBS098,L021,2025-02-14,Term 1,CAL000490,T002,Pair work,"Struggled to start, then improved after a short teacher check-in.",Text note,Task completion,Verified by multiple teachers
OBS099,L021,2026-07-17,Term 3,CAL006040,T001,Pair work,Kept re-engaging after distraction and eventually finished the task.,Phone callback,Independent problem solving,Needs more evidence
OBS100,L021,2026-01-14,Term 1,CAL004056,T004,Reading session,"Struggled to start, then improved after a short teacher check-in.",Teacher chat,Reading comprehension,Pending
OBS101,L021,2026-06-05,Term 2,CAL005588,T001,Independent task,Completed the task quickly but needed support to explain the reasoning.,Teacher chat,Reading comprehension,Pending
OBS102,L022,2026-04-20,Term 2,CAL005078,T001,Whole-class discussion,Kept re-engaging after distraction and eventually finished the task.,Teacher chat,Participation,Pending
OBS103,L022,2025-08-21,Term 3,CAL002499,T003,Practical activity,Asked a clarifying question before starting and worked independently.,Teacher chat,Participation,Pending
OBS104,L022,2025-02-03,Term 1,CAL000354,T005,Math task,Was quiet at first but contributed to the discussion once prompted.,Phone callback,Reading comprehension,Pending
OBS105,L022,2026-04-14,Term 2,CAL005017,T001,Whole-class discussion,Needed a second explanation but then completed the task correctly.,Voice transcription,Confidence in class discussion,Verified by multiple teachers
OBS106,L022,2025-12-02,Term 4,CAL003591,T005,Reading session,Completed the task quickly but needed support to explain the reasoning.,Teacher chat,Participation,Needs more evidence
OBS107,L022,2026-06-09,Term 2,CAL005616,T005,Whole-class discussion,Needed repeated reminders to stay with the activity.,Voice transcription,Self-regulation,Verified by multiple teachers
OBS108,L023,2026-08-05,Term 3,CAL006240,T003,Math task,Helped peers divide tasks and stayed focused on the group goal.,Phone callback,Task completion,Inconclusive
OBS109,L023,2026-07-16,Term 3,CAL006026,T002,Pair work,"Struggled to start, then improved after a short teacher check-in.",Teacher chat,Participation,Repeated pattern
OBS110,L023,2025-08-05,Term 3,CAL002323,T002,Practical activity,Stayed engaged in the task but was hesitant to speak in front of the class.,Voice transcription,Peer support,Verified by multiple teachers
OBS111,L023,2026-03-13,Term 1,CAL004692,T004,Reading session,Asked a clarifying question before starting and worked independently.,Voice transcription,Confidence in class discussion,Inconclusive
OBS112,L023,2026-01-15,Term 1,CAL004080,T001,Math task,Stayed engaged in the task but was hesitant to speak in front of the class.,Voice transcription,Confidence in class discussion,Verified by multiple teachers
OBS113,L024,2025-03-27,Term 1,CAL000927,T004,Math task,Completed the task quickly but needed support to explain the reasoning.,Teacher chat,Independent problem solving,Repeated pattern
OBS114,L024,2026-03-12,Term 1,CAL004677,T003,Reading session,"Struggled to start, then improved after a short teacher check-in.",Voice transcription,Task completion,Pending
OBS115,L024,2025-09-26,Term 3,CAL002892,T003,Whole-class discussion,Needed a second explanation but then completed the task correctly.,Voice transcription,Independent problem solving,Verified by multiple teachers
OBS116,L024,2025-07-10,Term 3,CAL002052,T003,Group project,Helped peers divide tasks and stayed focused on the group goal.,Voice transcription,Self-regulation,Repeated pattern
OBS117,L025,2026-05-08,Term 2,CAL005285,T002,Whole-class discussion,Worked well with a partner and encouraged another learner to continue.,Text note,Confidence in class discussion,Needs more evidence
OBS118,L025,2025-04-01,Term 2,CAL000964,T005,Math task,Worked well with a partner and encouraged another learner to continue.,Text note,Participation,Inconclusive
OBS119,L025,2025-06-13,Term 2,CAL001757,T002,Pair work,Completed the task quickly but needed support to explain the reasoning.,Voice transcription,Participation,Repeated pattern
OBS120,L025,2025-07-01,Term 3,CAL001938,T001,Pair work,Kept re-engaging after distraction and eventually finished the task.,Phone callback,Persistence,Repeated pattern
OBS121,L025,2026-06-09,Term 2,CAL005612,T003,Whole-class discussion,Worked well with a partner and encouraged another learner to continue.,Voice transcription,Following instructions,Verified by multiple teachers
OBS122,L026,2025-12-05,Term 4,CAL003632,T003,Group project,Worked well with a partner and encouraged another learner to continue.,Voice transcription,Task completion,Verified by multiple teachers
OBS123,L026,2025-11-25,Term 4,CAL003513,T002,Practical activity,Needed repeated reminders to stay with the activity.,Phone callback,Confidence in class discussion,Pending
OBS124,L026,2025-02-14,Term 1,CAL000482,T003,Math task,Volunteered an answer and explained thinking to peers.,Text note,Independent problem solving,Repeated pattern
OBS125,L026,2026-01-09,Term 1,CAL004009,T004,Whole-class discussion,Volunteered an answer and explained thinking to peers.,Phone callback,Confidence in class discussion,Repeated pattern
OBS126,L026,2026-07-07,Term 3,CAL005914,T003,Reading session,Kept re-engaging after distraction and eventually finished the task.,Teacher chat,Independent problem solving,Needs more evidence
OBS127,L027,2026-04-01,Term 2,CAL004883,T005,Independent task,Needed a second explanation but then completed the task correctly.,Voice transcription,Self-regulation,Inconclusive
OBS128,L027,2025-05-22,Term 2,CAL001522,T004,Independent task,Completed the task quickly but needed support to explain the reasoning.,Phone callback,Independent problem solving,Needs more evidence
OBS129,L027,2026-06-25,Term 2,CAL005797,T001,Practical activity,Kept re-engaging after distraction and eventually finished the task.,Text note,Independent problem solving,Verified by multiple teachers
OBS130,L027,2025-12-12,Term 4,CAL003713,T004,Group project,Helped the group organize the task without being told.,Phone callback,Participation,Pending
OBS131,L028,2025-09-26,Term 3,CAL002887,T005,Whole-class discussion,Worked well with a partner and encouraged another learner to continue.,Teacher chat,Task completion,Needs more evidence
OBS132,L028,2026-04-21,Term 2,CAL005095,T001,Math task,"Struggled to start, then improved after a short teacher check-in.",Phone callback,Collaboration,Repeated pattern
OBS133,L028,2025-09-05,Term 3,CAL002665,T004,Pair work,Was quiet at first but contributed to the discussion once prompted.,Voice transcription,Peer support,Inconclusive
OBS134,L029,2025-03-11,Term 1,CAL000749,T004,Independent task,Was quiet at first but contributed to the discussion once prompted.,Teacher chat,Independent problem solving,Needs more evidence
OBS135,L029,2025-01-24,Term 1,CAL000268,T001,Math task,Needed repeated reminders to stay with the activity.,Text note,Independent problem solving,Inconclusive
OBS136,L029,2025-08-26,Term 3,CAL002549,T005,Whole-class discussion,Was quiet at first but contributed to the discussion once prompted.,Text note,Task completion,Pending
OBS137,L029,2025-11-14,Term 4,CAL003416,T002,Whole-class discussion,Completed the task quickly but needed support to explain the reasoning.,Voice transcription,Collaboration,Needs more evidence
OBS138,L029,2025-01-17,Term 1,CAL000191,T003,Math task,Was quiet at first but contributed to the discussion once prompted.,Voice transcription,Confidence in class discussion,Repeated pattern
OBS139,L030,2025-05-26,Term 2,CAL001560,T004,Practical activity,Needed a second explanation but then completed the task correctly.,Teacher chat,Participation,Repeated pattern
OBS140,L030,2026-08-12,Term 3,CAL006313,T005,Group project,"Struggled to start, then improved after a short teacher check-in.",Voice transcription,Reading comprehension,Repeated pattern
OBS141,L030,2026-06-10,Term 2,CAL005637,T001,Group project,"Struggled to start, then improved after a short teacher check-in.",Teacher chat,Independent problem solving,Verified by multiple teachers
OBS142,L031,2025-03-26,Term 1,CAL000902,T001,Independent task,Volunteered an answer and explained thinking to peers.,Phone callback,Persistence,Inconclusive
OBS143,L031,2026-09-01,Term 3,CAL006514,T003,Pair work,Helped the group organize the task without being told.,Text note,Persistence,Verified by multiple teachers
OBS144,L031,2025-09-19,Term 3,CAL002806,T004,Independent task,"Struggled to start, then improved after a short teacher check-in.",Voice transcription,Peer support,Verified by multiple teachers
OBS145,L031,2025-12-25,Term 4,CAL003841,T003,Independent task,Asked a clarifying question before starting and worked independently.,Teacher chat,Independent problem solving,Pending
OBS146,L031,2025-04-08,Term 2,CAL001040,T001,Pair work,Needed a second explanation but then completed the task correctly.,Phone callback,Confidence in class discussion,Inconclusive
OBS147,L031,2025-03-11,Term 1,CAL000736,T005,Practical activity,Kept re-engaging after distraction and eventually finished the task.,Teacher chat,Peer support,Verified by multiple teachers
OBS148,L032,2025-11-26,Term 4,CAL003529,T005,Independent task,Needed repeated reminders to stay with the activity.,Text note,Participation,Needs more evidence
OBS149,L032,2025-05-05,Term 2,CAL001324,T003,Math task,Volunteered an answer and explained thinking to peers.,Text note,Persistence,Inconclusive
OBS150,L032,2025-01-30,Term 1,CAL000318,T005,Reading session,Volunteered an answer and explained thinking to peers.,Phone callback,Peer support,Repeated pattern
OBS151,L033,2025-07-28,Term 3,CAL002229,T002,Practical activity,Helped the group organize the task without being told.,Voice transcription,Reading comprehension,Needs more evidence
OBS152,L033,2026-03-09,Term 1,CAL004626,T004,Pair work,Volunteered an answer and explained thinking to peers.,Phone callback,Task completion,Inconclusive
OBS153,L033,2025-04-08,Term 2,CAL001043,T001,Whole-class discussion,Asked a clarifying question before starting and worked independently.,Voice transcription,Independent problem solving,Repeated pattern
OBS154,L034,2026-05-01,Term 2,CAL005212,T004,Practical activity,"Struggled to start, then improved after a short teacher check-in.",Text note,Reading comprehension,Pending
OBS155,L034,2026-01-30,Term 1,CAL004239,T004,Group project,Completed the task quickly but needed support to explain the reasoning.,Teacher chat,Reading comprehension,Repeated pattern
OBS156,L034,2025-02-21,Term 1,CAL000562,T002,Pair work,Volunteered an answer and explained thinking to peers.,Text note,Confidence in class discussion,Repeated pattern
OBS157,L034,2025-11-28,Term 4,CAL003561,T003,Group project,Helped peers divide tasks and stayed focused on the group goal.,Teacher chat,Confidence in class discussion,Needs more evidence
OBS158,L034,2026-03-12,Term 1,CAL004673,T005,Reading session,Was quiet at first but contributed to the discussion once prompted.,Phone callback,Independent problem solving,Verified by multiple teachers
OBS159,L034,2025-02-18,Term 1,CAL000519,T004,Group project,"Struggled to start, then improved after a short teacher check-in.",Phone callback,Task completion,Verified by multiple teachers
OBS160,L035,2026-04-24,Term 2,CAL005141,T003,Group project,Volunteered an answer and explained thinking to peers.,Text note,Task completion,Verified by multiple teachers
OBS161,L035,2026-02-19,Term 1,CAL004453,T001,Pair work,Stayed engaged in the task but was hesitant to speak in front of the class.,Voice transcription,Persistence,Repeated pattern
OBS162,L035,2026-01-26,Term 1,CAL004181,T002,Independent task,Helped the group organize the task without being told.,Text note,Peer support,Repeated pattern
OBS163,L035,2025-06-18,Term 2,CAL001815,T002,Group project,Asked a clarifying question before starting and worked independently.,Text note,Task completion,Needs more evidence
OBS164,L035,2025-03-27,Term 1,CAL000929,T002,Math task,"Struggled to start, then improved after a short teacher check-in.",Teacher chat,Task completion,Inconclusive
OBS165,L035,2026-01-06,Term 1,CAL003974,T003,Whole-class discussion,Stayed engaged in the task but was hesitant to speak in front of the class.,Phone callback,Self-regulation,Inconclusive
OBS166,L036,2026-02-09,Term 1,CAL004332,T005,Group project,Completed the task quickly but needed support to explain the reasoning.,Voice transcription,Collaboration,Repeated pattern
OBS167,L036,2025-11-26,Term 4,CAL003536,T001,Reading session,Needed a second explanation but then completed the task correctly.,Teacher chat,Participation,Inconclusive
OBS168,L036,2025-02-17,Term 1,CAL000509,T004,Math task,Was quiet at first but contributed to the discussion once prompted.,Teacher chat,Reading comprehension,Needs more evidence
OBS169,L037,2026-06-02,Term 2,CAL005536,T001,Math task,Kept re-engaging after distraction and eventually finished the task.,Voice transcription,Reading comprehension,Needs more evidence
OBS170,L037,2025-02-14,Term 1,CAL000481,T002,Reading session,"Struggled to start, then improved after a short teacher check-in.",Text note,Peer support,Repeated pattern
OBS171,L037,2025-11-20,Term 4,CAL003469,T004,Pair work,Kept re-engaging after distraction and eventually finished the task.,Voice transcription,Peer support,Pending
OBS172,L038,2025-04-18,Term 2,CAL001158,T005,Reading session,Worked well with a partner and encouraged another learner to continue.,Text note,Peer support,Pending
OBS173,L038,2025-06-11,Term 2,CAL001730,T003,Independent task,Helped the group organize the task without being told.,Phone callback,Reading comprehension,Verified by multiple teachers
OBS174,L038,2026-01-13,Term 1,CAL004036,T002,Reading session,Needed a second explanation but then completed the task correctly.,Teacher chat,Reading comprehension,Repeated pattern
OBS175,L038,2025-01-21,Term 1,CAL000215,T003,Independent task,Asked a clarifying question before starting and worked independently.,Phone callback,Participation,Needs more evidence
OBS176,L038,2025-09-17,Term 3,CAL002778,T002,Whole-class discussion,Needed a second explanation but then completed the task correctly.,Voice transcription,Reading comprehension,Inconclusive
OBS177,L039,2026-01-21,Term 1,CAL004135,T005,Whole-class discussion,Needed repeated reminders to stay with the activity.,Text note,Participation,Pending
OBS178,L039,2026-04-16,Term 2,CAL005048,T003,Reading session,Was quiet at first but contributed to the discussion once prompted.,Phone callback,Participation,Needs more evidence
OBS179,L039,2025-10-01,Term 4,CAL002935,T003,Math task,"Struggled to start, then improved after a short teacher check-in.",Text note,Peer support,Inconclusive
OBS180,L040,2026-06-15,Term 2,CAL005677,T003,Math task,Worked well with a partner and encouraged another learner to continue.,Teacher chat,Confidence in class discussion,Needs more evidence
OBS181,L040,2025-06-09,Term 2,CAL001702,T003,Group project,"Struggled to start, then improved after a short teacher check-in.",Voice transcription,Reading comprehension,Pending
OBS182,L040,2025-11-24,Term 4,CAL003503,T001,Math task,Asked a clarifying question before starting and worked independently.,Text note,Persistence,Pending
OBS183,L040,2025-09-11,Term 3,CAL002725,T004,Independent task,Helped peers divide tasks and stayed focused on the group goal.,Teacher chat,Reading comprehension,Repeated pattern
OBS184,L040,2025-09-29,Term 3,CAL002901,T004,Group project,Volunteered an answer and explained thinking to peers.,Voice transcription,Peer support,Needs more evidence
OBS185,L040,2025-06-06,Term 2,CAL001689,T001,Independent task,"Struggled to start, then improved after a short teacher check-in.",Text note,Participation,Verified by multiple teachers
OBS186,L041,2025-04-01,Term 2,CAL000975,T001,Independent task,Was quiet at first but contributed to the discussion once prompted.,Teacher chat,Independent problem solving,Repeated pattern
OBS187,L041,2025-09-30,Term 3,CAL002924,T003,Group project,Stayed engaged in the task but was hesitant to speak in front of the class.,Voice transcription,Independent problem solving,Verified by multiple teachers
OBS188,L041,2025-01-20,Term 1,CAL000208,T005,Practical activity,Was quiet at first but contributed to the discussion once prompted.,Phone callback,Persistence,Pending
OBS189,L042,2025-10-03,Term 4,CAL002966,T005,Pair work,Asked a clarifying question before starting and worked independently.,Voice transcription,Reading comprehension,Repeated pattern
OBS190,L042,2025-03-19,Term 1,CAL000838,T005,Practical activity,Helped peers divide tasks and stayed focused on the group goal.,Teacher chat,Collaboration,Verified by multiple teachers
OBS191,L042,2026-03-04,Term 1,CAL004590,T003,Reading session,Helped peers divide tasks and stayed focused on the group goal.,Voice transcription,Peer support,Needs more evidence
OBS192,L042,2025-04-29,Term 2,CAL001275,T005,Reading session,Volunteered an answer and explained thinking to peers.,Phone callback,Confidence in class discussion,Verified by multiple teachers
OBS193,L042,2026-07-03,Term 3,CAL005891,T002,Math task,Stayed engaged in the task but was hesitant to speak in front of the class.,Voice transcription,Self-regulation,Needs more evidence
OBS194,L043,2025-08-18,Term 3,CAL002448,T001,Independent task,Completed the task quickly but needed support to explain the reasoning.,Teacher chat,Self-regulation,Pending
OBS195,L043,2025-08-07,Term 3,CAL002343,T003,Independent task,Helped peers divide tasks and stayed focused on the group goal.,Phone callback,Self-regulation,Pending
OBS196,L043,2026-02-26,Term 1,CAL004518,T004,Pair work,"Struggled to start, then improved after a short teacher check-in.",Teacher chat,Peer support,Needs more evidence
OBS197,L044,2026-07-24,Term 3,CAL006108,T003,Math task,Completed the task quickly but needed support to explain the reasoning.,Teacher chat,Independent problem solving,Verified by multiple teachers
OBS198,L044,2025-07-25,Term 3,CAL002210,T005,Independent task,Volunteered an answer and explained thinking to peers.,Phone callback,Self-regulation,Verified by multiple teachers
OBS199,L044,2026-05-05,Term 2,CAL005236,T002,Reading session,"Struggled to start, then improved after a short teacher check-in.",Voice transcription,Peer support,Inconclusive
OBS200,L044,2026-05-14,Term 2,CAL005342,T003,Reading session,Stayed engaged in the task but was hesitant to speak in front of the class.,Phone callback,Reading comprehension,Needs more evidence
OBS201,L044,2025-02-05,Term 1,CAL000378,T002,Math task,Helped the group organize the task without being told.,Text note,Peer support,Repeated pattern
OBS202,L044,2026-03-16,Term 1,CAL004699,T005,Group project,Asked a clarifying question before starting and worked independently.,Phone callback,Peer support,Verified by multiple teachers
OBS203,L045,2025-06-06,Term 2,CAL001689,T005,Independent task,Worked well with a partner and encouraged another learner to continue.,Phone callback,Following instructions,Pending
OBS204,L045,2025-01-30,Term 1,CAL000322,T002,Pair work,Worked well with a partner and encouraged another learner to continue.,Voice transcription,Self-regulation,Repeated pattern
OBS205,L045,2026-05-27,Term 2,CAL005483,T002,Practical activity,Completed the task quickly but needed support to explain the reasoning.,Teacher chat,Following instructions,Pending
OBS206,L046,2025-03-26,Term 1,CAL000909,T004,Whole-class discussion,"Struggled to start, then improved after a short teacher check-in.",Phone callback,Peer support,Pending
OBS207,L046,2025-11-28,Term 4,CAL003565,T003,Math task,Asked a clarifying question before starting and worked independently.,Text note,Peer support,Inconclusive
OBS208,L046,2025-09-15,Term 3,CAL002754,T001,Whole-class discussion,Stayed engaged in the task but was hesitant to speak in front of the class.,Voice transcription,Peer support,Inconclusive
OBS209,L046,2026-02-27,Term 1,CAL004537,T004,Math task,Asked a clarifying question before starting and worked independently.,Voice transcription,Independent problem solving,Repeated pattern
OBS210,L047,2026-07-03,Term 3,CAL005891,T005,Pair work,Worked well with a partner and encouraged another learner to continue.,Voice transcription,Confidence in class discussion,Repeated pattern
OBS211,L047,2025-03-26,Term 1,CAL000914,T004,Pair work,Needed repeated reminders to stay with the activity.,Text note,Persistence,Inconclusive
OBS212,L047,2025-03-05,Term 1,CAL000687,T001,Practical activity,Asked a clarifying question before starting and worked independently.,Text note,Peer support,Needs more evidence
OBS213,L047,2026-02-02,Term 1,CAL004258,T005,Independent task,Needed a second explanation but then completed the task correctly.,Phone callback,Confidence in class discussion,Repeated pattern
OBS214,L047,2025-04-17,Term 2,CAL001153,T005,Reading session,Asked a clarifying question before starting and worked independently.,Text note,Confidence in class discussion,Inconclusive
OBS215,L047,2026-01-22,Term 1,CAL004153,T005,Group project,Volunteered an answer and explained thinking to peers.,Text note,Task completion,Verified by multiple teachers
OBS216,L048,2026-07-24,Term 3,CAL006120,T005,Independent task,Completed the task quickly but needed support to explain the reasoning.,Teacher chat,Self-regulation,Verified by multiple teachers
OBS217,L048,2025-03-25,Term 1,CAL000899,T001,Whole-class discussion,"Struggled to start, then improved after a short teacher check-in.",Teacher chat,Following instructions,Repeated pattern
OBS218,L048,2025-06-13,Term 2,CAL001769,T003,Math task,Kept re-engaging after distraction and eventually finished the task.,Phone callback,Persistence,Needs more evidence
OBS219,L049,2026-08-13,Term 3,CAL006320,T005,Group project,Helped the group organize the task without being told.,Phone callback,Participation,Needs more evidence
OBS220,L049,2025-06-11,Term 2,CAL001728,T001,Group project,Completed the task quickly but needed support to explain the reasoning.,Teacher chat,Following instructions,Needs more evidence
OBS221,L049,2026-01-12,Term 1,CAL004022,T005,Reading session,Needed repeated reminders to stay with the activity.,Teacher chat,Reading comprehension,Verified by multiple teachers
OBS222,L049,2026-07-27,Term 3,CAL006123,T003,Pair work,Stayed engaged in the task but was hesitant to speak in front of the class.,Teacher chat,Following instructions,Needs more evidence
OBS223,L049,2026-02-10,Term 1,CAL004336,T001,Group project,Completed the task quickly but needed support to explain the reasoning.,Teacher chat,Self-regulation,Inconclusive
OBS224,L050,2025-05-05,Term 2,CAL001321,T004,Whole-class discussion,Completed the task quickly but needed support to explain the reasoning.,Teacher chat,Peer support,Pending
OBS225,L050,2026-04-06,Term 2,CAL004921,T001,Practical activity,Was quiet at first but contributed to the discussion once prompted.,Phone callback,Independent problem solving,Verified by multiple teachers
OBS226,L050,2026-08-03,Term 3,CAL006196,T004,Math task,Completed the task quickly but needed support to explain the reasoning.,Voice transcription,Confidence in class discussion,Pending
