note_id,learner_id,evidence_ids,draft_text,reviewer_id,review_status,reviewed_at,review_comments
NOTE001,L001,"OBS001, OBS002, OBS003","There is emerging evidence that L001 shows stronger collaboration and task persistence in structured activities. The pattern should be monitored, not treated as a fixed conclusion.",T002,Drafted,2026-05-23,Good support for a follow-up discussion with the learner.
NOTE002,L002,"OBS004, OBS005, OBS006, TEST001","There is emerging evidence that L002 shows stronger collaboration and task persistence in structured activities. The pattern should be monitored, not treated as a fixed conclusion.",T002,Needs revision,2026-08-04,This draft is cautious and grounded in the actual observations.
NOTE003,L003,"OBS009, OBS010, OBS011, TEST003","There is emerging evidence that L003 shows stronger collaboration and task persistence in structured activities. The pattern should be monitored, not treated as a fixed conclusion.",T002,Needs revision,2025-05-20,This draft is cautious and grounded in the actual observations.
NOTE004,L004,"OBS013, OBS014, OBS015","There is emerging evidence that L004 shows stronger collaboration and task persistence in structured activities. The pattern should be monitored, not treated as a fixed conclusion.",T005,Approved,2026-08-17,Good support for a follow-up discussion with the learner.
NOTE005,L005,"OBS018, OBS019, OBS020, TEST004","There is emerging evidence that L005 shows stronger collaboration and task persistence in structured activities. The pattern should be monitored, not treated as a fixed conclusion.",T003,Drafted,2025-09-16,This draft is cautious and grounded in the actual observations.
NOTE006,L006,"OBS024, OBS025, OBS026, TEST005","There is emerging evidence that L006 shows stronger collaboration and task persistence in structured activities. The pattern should be monitored, not treated as a fixed conclusion.",T004,Drafted,2025-12-01,This draft is cautious and grounded in the actual observations.
NOTE007,L007,"OBS028, OBS029, OBS030","There is emerging evidence that L007 shows stronger collaboration and task persistence in structured activities. The pattern should be monitored, not treated as a fixed conclusion.",T003,Drafted,2025-11-08,This draft is cautious and grounded in the actual observations.
NOTE008,L008,"OBS031, OBS032, OBS033, TEST006","There is emerging evidence that L008 shows stronger collaboration and task persistence in structured activities. The pattern should be monitored, not treated as a fixed conclusion.",T004,Needs revision,2025-11-19,Evidence is consistent but more observations would strengthen the picture.
NOTE009,L009,"OBS036, OBS037, OBS038, TEST008","There is emerging evidence that L009 shows stronger collaboration and task persistence in structured activities. The pattern should be monitored, not treated as a fixed conclusion.",T002,Drafted,2026-08-12,This draft is cautious and grounded in the actual observations.
NOTE010,L010,"OBS039, OBS040, OBS041, TEST009","There is emerging evidence that L010 shows stronger collaboration and task persistence in structured activities. The pattern should be monitored, not treated as a fixed conclusion.",T002,Approved,2026-01-13,This draft is cautious and grounded in the actual observations.
NOTE011,L011,"OBS043, OBS044, OBS045","There is emerging evidence that L011 shows stronger collaboration and task persistence in structured activities. The pattern should be monitored, not treated as a fixed conclusion.",T002,Drafted,2025-05-15,The pattern is worth continuing to monitor.
NOTE012,L012,"OBS046, OBS047, OBS048, TEST010","There is emerging evidence that L012 shows stronger collaboration and task persistence in structured activities. The pattern should be monitored, not treated as a fixed conclusion.",T002,Approved,2025-05-29,This draft is cautious and grounded in the actual observations.
NOTE013,L013,"OBS051, OBS052, OBS053, TEST012","There is emerging evidence that L013 shows stronger collaboration and task persistence in structured activities. The pattern should be monitored, not treated as a fixed conclusion.",T001,Approved,2025-10-19,This draft is cautious and grounded in the actual observations.
NOTE014,L014,"OBS055, OBS056, OBS057, TEST014","There is emerging evidence that L014 shows stronger collaboration and task persistence in structured activities. The pattern should be monitored, not treated as a fixed conclusion.",T002,Approved,2026-03-07,Good support for a follow-up discussion with the learner.
NOTE015,L015,"OBS061, OBS062, OBS063","There is emerging evidence that L015 shows stronger collaboration and task persistence in structured activities. The pattern should be monitored, not treated as a fixed conclusion.",T003,Needs revision,2026-06-30,The pattern is worth continuing to monitor.
NOTE016,L016,"OBS065, OBS066, OBS067","There is emerging evidence that L016 shows stronger collaboration and task persistence in structured activities. The pattern should be monitored, not treated as a fixed conclusion.",T003,Approved,2025-10-23,Evidence is consistent but more observations would strengthen the picture.
NOTE017,L017,"OBS070, OBS071, OBS072","There is emerging evidence that L017 shows stronger collaboration and task persistence in structured activities. The pattern should be monitored, not treated as a fixed conclusion.",T001,Approved,2026-04-01,This draft is cautious and grounded in the actual observations.
NOTE018,L018,"OBS076, OBS077, OBS078, TEST015","There is emerging evidence that L018 shows stronger collaboration and task persistence in structured activities. The pattern should be monitored, not treated as a fixed conclusion.",T002,Approved,2025-09-29,Good support for a follow-up discussion with the learner.
NOTE019,L019,"OBS079, OBS080, OBS081","There is emerging evidence that L019 shows stronger collaboration and task persistence in structured activities. The pattern should be monitored, not treated as a fixed conclusion.",T005,Drafted,2025-08-07,Evidence is consistent but more observations would strengthen the picture.
NOTE020,L020,"OBS085, OBS086, OBS087, TEST017","There is emerging evidence that L020 shows stronger collaboration and task persistence in structured activities. The pattern should be monitored, not treated as a fixed conclusion.",T001,Needs revision,2025-12-24,This draft is cautious and grounded in the actual observations.
NOTE021,L021,"OBS090, OBS091, OBS092, TEST018","There is emerging evidence that L021 shows stronger collaboration and task persistence in structured activities. The pattern should be monitored, not treated as a fixed conclusion.",T001,Needs revision,2025-06-02,Good support for a follow-up discussion with the learner.
NOTE022,L022,"OBS094, OBS095, OBS096","There is emerging evidence that L022 shows stronger collaboration and task persistence in structured activities. The pattern should be monitored, not treated as a fixed conclusion.",T001,Drafted,2025-06-10,The pattern is worth continuing to monitor.
NOTE023,L023,"OBS098, OBS099, OBS100, TEST020","There is emerging evidence that L023 shows stronger collaboration and task persistence in structured activities. The pattern should be monitored, not treated as a fixed conclusion.",T003,Needs revision,2025-06-04,This draft is cautious and grounded in the actual observations.
NOTE024,L024,"OBS101, OBS102, OBS103, TEST021","There is emerging evidence that L024 shows stronger collaboration and task persistence in structured activities. The pattern should be monitored, not treated as a fixed conclusion.",T001,Needs revision,2025-12-05,Good support for a follow-up discussion with the learner.
NOTE025,L025,"OBS106, OBS107, OBS108","There is emerging evidence that L025 shows stronger collaboration and task persistence in structured activities. The pattern should be monitored, not treated as a fixed conclusion.",T002,Needs revision,2026-02-06,This draft is cautious and grounded in the actual observations.
NOTE026,L026,"OBS110, OBS111, OBS112","There is emerging evidence that L026 shows stronger collaboration and task persistence in structured activities. The pattern should be monitored, not treated as a fixed conclusion.",T003,Needs revision,2025-08-15,This draft is cautious and grounded in the actual observations.
NOTE027,L027,"OBS114, OBS115, OBS116, TEST022","There is emerging evidence that L027 shows stronger collaboration and task persistence in structured activities. The pattern should be monitored, not treated as a fixed conclusion.",T005,Approved,2025-07-10,The pattern is worth continuing to monitor.
NOTE028,L028,"OBS119, OBS120, OBS121, TEST024","There is emerging evidence that L028 shows stronger collaboration and task persistence in structured activities. The pattern should be monitored, not treated as a fixed conclusion.",T002,Needs revision,2026-03-27,This draft is cautious and grounded in the actual observations.
NOTE029,L029,"OBS125, OBS126, OBS127, TEST025","There is emerging evidence that L029 shows stronger collaboration and task persistence in structured activities. The pattern should be monitored, not treated as a fixed conclusion.",T001,Drafted,2026-05-09,This draft is cautious and grounded in the actual observations.
NOTE030,L030,"OBS130, OBS131, OBS132, TEST026","There is emerging evidence that L030 shows stronger collaboration and task persistence in structured activities. The pattern should be monitored, not treated as a fixed conclusion.",T004,Drafted,2026-08-16,Evidence is consistent but more observations would strengthen the picture.
NOTE031,L031,"OBS136, OBS137, OBS138, TEST028","There is emerging evidence that L031 shows stronger collaboration and task persistence in structured activities. The pattern should be monitored, not treated as a fixed conclusion.",T001,Approved,2026-07-26,The pattern is worth continuing to monitor.
NOTE032,L032,"OBS139, OBS140, OBS141, TEST029","There is emerging evidence that L032 shows stronger collaboration and task persistence in structured activities. The pattern should be monitored, not treated as a fixed conclusion.",T001,Approved,2025-04-16,This draft is cautious and grounded in the actual observations.
NOTE033,L033,"OBS142, OBS143, OBS144, TEST031","There is emerging evidence that L033 shows stronger collaboration and task persistence in structured activities. The pattern should be monitored, not treated as a fixed conclusion.",T005,Needs revision,2025-05-07,Evidence is consistent but more observations would strengthen the picture.
NOTE034,L034,"OBS147, OBS148, OBS149, TEST033","There is emerging evidence that L034 shows stronger collaboration and task persistence in structured activities. The pattern should be monitored, not treated as a fixed conclusion.",T002,Drafted,2025-12-25,The pattern is worth continuing to monitor.
NOTE035,L035,"OBS152, OBS153, OBS154, TEST034","There is emerging evidence that L035 shows stronger collaboration and task persistence in structured activities. The pattern should be monitored, not treated as a fixed conclusion.",T004,Drafted,2026-02-20,The pattern is worth continuing to monitor.
NOTE036,L036,"OBS155, OBS156, OBS157","There is emerging evidence that L036 shows stronger collaboration and task persistence in structured activities. The pattern should be monitored, not treated as a fixed conclusion.",T002,Drafted,2025-09-18,The pattern is worth continuing to monitor.
NOTE037,L037,"OBS160, OBS161, OBS162, TEST036","There is emerging evidence that L037 shows stronger collaboration and task persistence in structured activities. The pattern should be monitored, not treated as a fixed conclusion.",T001,Needs revision,2026-01-24,The pattern is worth continuing to monitor.
NOTE038,L038,"OBS163, OBS164, OBS165","There is emerging evidence that L038 shows stronger collaboration and task persistence in structured activities. The pattern should be monitored, not treated as a fixed conclusion.",T004,Approved,2025-09-14,Good support for a follow-up discussion with the learner.
NOTE039,L039,"OBS169, OBS170, OBS171, TEST037","There is emerging evidence that L039 shows stronger collaboration and task persistence in structured activities. The pattern should be monitored, not treated as a fixed conclusion.",T003,Needs revision,2025-10-27,This draft is cautious and grounded in the actual observations.
NOTE040,L040,"OBS172, OBS173, OBS174, TEST039","There is emerging evidence that L040 shows stronger collaboration and task persistence in structured activities. The pattern should be monitored, not treated as a fixed conclusion.",T001,Drafted,2025-05-07,The pattern is worth continuing to monitor.
NOTE041,L041,"OBS175, OBS176, OBS177, TEST041","There is emerging evidence that L041 shows stronger collaboration and task persistence in structured activities. The pattern should be monitored, not treated as a fixed conclusion.",T005,Drafted,2025-12-09,Good support for a follow-up discussion with the learner.
NOTE042,L042,"OBS180, OBS181, OBS182, TEST043","There is emerging evidence that L042 shows stronger collaboration and task persistence in structured activities. The pattern should be monitored, not treated as a fixed conclusion.",T005,Needs revision,2026-08-07,Good support for a follow-up discussion with the learner.
NOTE043,L043,"OBS183, OBS184, OBS185, TEST045","There is emerging evidence that L043 shows stronger collaboration and task persistence in structured activities. The pattern should be monitored, not treated as a fixed conclusion.",T001,Approved,2026-08-11,This draft is cautious and grounded in the actual observations.
NOTE044,L044,"OBS189, OBS190, OBS191, TEST046","There is emerging evidence that L044 shows stronger collaboration and task persistence in structured activities. The pattern should be monitored, not treated as a fixed conclusion.",T005,Approved,2026-06-27,Good support for a follow-up discussion with the learner.
NOTE045,L045,"OBS192, OBS193, OBS194","There is emerging evidence that L045 shows stronger collaboration and task persistence in structured activities. The pattern should be monitored, not treated as a fixed conclusion.",T005,Needs revision,2025-08-09,The pattern is worth continuing to monitor.
NOTE046,L046,"OBS197, OBS198, OBS199","There is emerging evidence that L046 shows stronger collaboration and task persistence in structured activities. The pattern should be monitored, not treated as a fixed conclusion.",T005,Needs revision,2026-07-25,Good support for a follow-up discussion with the learner.
NOTE047,L047,"OBS200, OBS201, OBS202","There is emerging evidence that L047 shows stronger collaboration and task persistence in structured activities. The pattern should be monitored, not treated as a fixed conclusion.",T002,Needs revision,2026-04-30,Good support for a follow-up discussion with the learner.
NOTE048,L048,"OBS206, OBS207, OBS208, TEST047","There is emerging evidence that L048 shows stronger collaboration and task persistence in structured activities. The pattern should be monitored, not treated as a fixed conclusion.",T002,Needs revision,2026-04-22,Evidence is consistent but more observations would strengthen the picture.
NOTE049,L049,"OBS209, OBS210, OBS211, TEST049","There is emerging evidence that L049 shows stronger collaboration and task persistence in structured activities. The pattern should be monitored, not treated as a fixed conclusion.",T001,Drafted,2026-08-10,Evidence is consistent but more observations would strengthen the picture.
NOTE050,L050,"OBS213, OBS214, OBS215, TEST050","There is emerging evidence that L050 shows stronger collaboration and task persistence in structured activities. The pattern should be monitored, not treated as a fixed conclusion.",T001,Drafted,2025-09-25,The pattern is worth continuing to monitor.
